{"Mean":{"confidence_interval":{"confidence_level":0.95,"lower_bound":-0.3473776419224175,"upper_bound":-0.2646812790892878},"point_estimate":-0.3077942029541674,"standard_error":0.02105736934054933},"Median":{"confidence_interval":{"confidence_level":0.95,"lower_bound":-0.3242568839170257,"upper_bound":-0.2579650030407675},"point_estimate":-0.29168434485530914,"standard_error":0.01659412848337375}}