{"Mean":{"confidence_interval":{"confidence_level":0.95,"lower_bound":7398648.197089926,"upper_bound":7740850.095376456},"point_estimate":7561396.559610587,"standard_error":87054.34396011627},"Median":{"confidence_interval":{"confidence_level":0.95,"lower_bound":7331857.192902513,"upper_bound":7599612.201311476},"point_estimate":7466188.632900434,"standard_error":70419.03192479625},"MedianAbsDev":{"confidence_interval":{"confidence_level":0.95,"lower_bound":415429.3655466897,"upper_bound":655648.6454634854},"point_estimate":549816.1695814626,"standard_error":62724.13519408319},"Slope":{"confidence_interval":{"confidence_level":0.95,"lower_bound":7457943.796132654,"upper_bound":7720731.2713856185},"point_estimate":7586571.373805231,"standard_error":67065.2748736411},"StdDev":{"confidence_interval":{"confidence_level":0.95,"lower_bound":616778.1598007233,"upper_bound":1126487.6107001891},"point_estimate":870709.5541572926,"standard_error":132727.11950203736}}