{"Mean":{"confidence_interval":{"confidence_level":0.95,"lower_bound":737950254.5402083,"upper_bound":915003568.3011906},"point_estimate":831206151.3586508,"standard_error":45449361.14109638},"Median":{"confidence_interval":{"confidence_level":0.95,"lower_bound":702150631.45,"upper_bound":954836000.75},"point_estimate":912221010.8571429,"standard_error":77855318.50874643},"MedianAbsDev":{"confidence_interval":{"confidence_level":0.95,"lower_bound":6056934.407451242,"upper_bound":257526529.2116902},"point_estimate":69237917.30091447,"standard_error":74875856.3188313},"Slope":{"confidence_interval":{"confidence_level":0.95,"lower_bound":855807306.251132,"upper_bound":943732862.961033},"point_estimate":915272129.2493507,"standard_error":22886327.806449417},"StdDev":{"confidence_interval":{"confidence_level":0.95,"lower_bound":75540559.7868206,"upper_bound":186023464.5504461},"point_estimate":151536331.49842098,"standard_error":28053074.899526436}}