{"Mean":{"confidence_interval":{"confidence_level":0.95,"lower_bound":56706.38514731529,"upper_bound":57034.073204121836},"point_estimate":56862.57867229706,"standard_error":83.50200488513252},"Median":{"confidence_interval":{"confidence_level":0.95,"lower_bound":56545.94173662935,"upper_bound":56827.60344827586},"point_estimate":56701.037506819426,"standard_error":68.9345271134092},"MedianAbsDev":{"confidence_interval":{"confidence_level":0.95,"lower_bound":376.80256797776366,"upper_bound":598.4381551801407},"point_estimate":494.92832608980586,"standard_error":55.709526245891375},"Slope":{"confidence_interval":{"confidence_level":0.95,"lower_bound":56680.212765210985,"upper_bound":57030.29959129873},"point_estimate":56843.66973383906,"standard_error":89.5155047660873},"StdDev":{"confidence_interval":{"confidence_level":0.95,"lower_bound":623.5878934208242,"upper_bound":1023.045371614163},"point_estimate":840.3770785374167,"standard_error":102.06229564924898}}