{"Mean":{"confidence_interval":{"confidence_level":0.95,"lower_bound":5523.786994508055,"upper_bound":5545.854452605865},"point_estimate":5534.231064671814,"standard_error":5.651416528738711},"Median":{"confidence_interval":{"confidence_level":0.95,"lower_bound":5512.994276556777,"upper_bound":5528.552047952047},"point_estimate":5519.034487179488,"standard_error":4.757684671150763},"MedianAbsDev":{"confidence_interval":{"confidence_level":0.95,"lower_bound":20.15555577791449,"upper_bound":38.53106015509814},"point_estimate":30.754956192978437,"standard_error":4.321478360744845},"Slope":{"confidence_interval":{"confidence_level":0.95,"lower_bound":5520.549464628637,"upper_bound":5545.079549247075},"point_estimate":5531.7643748020855,"standard_error":6.280640759098456},"StdDev":{"confidence_interval":{"confidence_level":0.95,"lower_bound":40.46558286418836,"upper_bound":70.40295027890757},"point_estimate":56.57970591819184,"standard_error":7.674763719824799}}