{"Mean":{"confidence_interval":{"confidence_level":0.95,"lower_bound":7168.056401964304,"upper_bound":7228.302754765571},"point_estimate":7196.652655913531,"standard_error":15.370071828375988},"Median":{"confidence_interval":{"confidence_level":0.95,"lower_bound":7158.882145732689,"upper_bound":7202.922619047619},"point_estimate":7184.25844285333,"standard_error":10.29642677677334},"MedianAbsDev":{"confidence_interval":{"confidence_level":0.95,"lower_bound":80.09122469719583,"upper_bound":125.51731575552995},"point_estimate":108.05703120650671,"standard_error":11.722168798656615},"Slope":{"confidence_interval":{"confidence_level":0.95,"lower_bound":7177.469754731279,"upper_bound":7220.240963392821},"point_estimate":7198.997777834889,"standard_error":10.918388296641862},"StdDev":{"confidence_interval":{"confidence_level":0.95,"lower_bound":99.99842482314637,"upper_bound":204.91904263636664},"point_estimate":154.31469012091765,"standard_error":27.050057773868378}}