{"Mean":{"confidence_interval":{"confidence_level":0.95,"lower_bound":641475.1315635634,"upper_bound":661601.1490623399},"point_estimate":651470.0669319223,"standard_error":5131.839246432637},"Median":{"confidence_interval":{"confidence_level":0.95,"lower_bound":634686.4558823529,"upper_bound":650678.55625},"point_estimate":643992.6754545454,"standard_error":4184.94012162695},"MedianAbsDev":{"confidence_interval":{"confidence_level":0.95,"lower_bound":27661.266734372508,"upper_bound":56520.03142397589},"point_estimate":39781.77805703765,"standard_error":7060.214139692292},"Slope":{"confidence_interval":{"confidence_level":0.95,"lower_bound":635325.9054785225,"upper_bound":648112.6033607493},"point_estimate":641470.6699704448,"standard_error":3253.123880548122},"StdDev":{"confidence_interval":{"confidence_level":0.95,"lower_bound":43636.80995687889,"upper_bound":59013.54831362438},"point_estimate":51832.25701891625,"standard_error":3927.964368469368}}