{"Mean":{"confidence_interval":{"confidence_level":0.95,"lower_bound":56973.193733403,"upper_bound":57380.46860034274},"point_estimate":57158.01532128675,"standard_error":104.0304117932359},"Median":{"confidence_interval":{"confidence_level":0.95,"lower_bound":56828.527920962195,"upper_bound":57064.53439153439},"point_estimate":56921.1382875251,"standard_error":61.42697539321965},"MedianAbsDev":{"confidence_interval":{"confidence_level":0.95,"lower_bound":357.121347555105,"upper_bound":671.3021887976388},"point_estimate":445.87429885502473,"standard_error":80.70536070012858},"Slope":{"confidence_interval":{"confidence_level":0.95,"lower_bound":56841.36177686759,"upper_bound":57073.040244527525},"point_estimate":56948.67326043052,"standard_error":58.95797972974785},"StdDev":{"confidence_interval":{"confidence_level":0.95,"lower_bound":567.4515879293286,"upper_bound":1463.0398217958557},"point_estimate":1048.5159226851683,"standard_error":235.87454036763668}}