{"Mean":{"confidence_interval":{"confidence_level":0.95,"lower_bound":-0.013942197048338255,"upper_bound":-0.005542631820509431},"point_estimate":-0.009559325909237248,"standard_error":0.0021348704221541386},"Median":{"confidence_interval":{"confidence_level":0.95,"lower_bound":-0.00811154152160909,"upper_bound":-0.0016658154857125702},"point_estimate":-0.004757137161876757,"standard_error":0.001584837116086198}}