{"Mean":{"confidence_interval":{"confidence_level":0.95,"lower_bound":-0.027827596218268538,"upper_bound":0.012132468949707266},"point_estimate":-0.00752094770033962,"standard_error":0.010159938025485508},"Median":{"confidence_interval":{"confidence_level":0.95,"lower_bound":-0.01653386691146086,"upper_bound":0.023284874778056297},"point_estimate":0.005339610159952324,"standard_error":0.010343733655438852}}