{"Mean":{"confidence_interval":{"confidence_level":0.95,"lower_bound":242.03945967838595,"upper_bound":244.08689880573036},"point_estimate":243.01869296575398,"standard_error":0.5248906067034571},"Median":{"confidence_interval":{"confidence_level":0.95,"lower_bound":240.70509388109068,"upper_bound":241.63601413762504},"point_estimate":240.97648000595726,"standard_error":0.23381158301208638},"MedianAbsDev":{"confidence_interval":{"confidence_level":0.95,"lower_bound":1.6823055022072329,"upper_bound":3.5756457753385695},"point_estimate":2.8670357066023517,"standard_error":0.44821725532396844},"Slope":{"confidence_interval":{"confidence_level":0.95,"lower_bound":242.4029741648528,"upper_bound":244.5780454662763},"point_estimate":243.40135278459,"standard_error":0.5566638035469323},"StdDev":{"confidence_interval":{"confidence_level":0.95,"lower_bound":4.009295272614763,"upper_bound":6.346770993923277},"point_estimate":5.278893225622649,"standard_error":0.5988929260124474}}