{"Mean":{"confidence_interval":{"confidence_level":0.95,"lower_bound":772969633.7978175,"upper_bound":890599787.2910624},"point_estimate":833056147.7300397,"standard_error":30208053.225896984},"Median":{"confidence_interval":{"confidence_level":0.95,"lower_bound":744887224.1388888,"upper_bound":925561875.5},"point_estimate":841809086.7946429,"standard_error":50286508.29678698},"MedianAbsDev":{"confidence_interval":{"confidence_level":0.95,"lower_bound":23010396.98923382,"upper_bound":169586773.71853298},"point_estimate":124621574.61272478,"standard_error":39088134.36882778},"Slope":{"confidence_interval":{"confidence_level":0.95,"lower_bound":758538328.7170899,"upper_bound":890310918.9615093},"point_estimate":830350329.1948051,"standard_error":35004263.43230264},"StdDev":{"confidence_interval":{"confidence_level":0.95,"lower_bound":60108831.88561157,"upper_bound":120336927.40419643},"point_estimate":100487679.81010608,"standard_error":15259920.644743828}}