{"Mean":{"confidence_interval":{"confidence_level":0.95,"lower_bound":-0.324741063287334,"upper_bound":-0.2841991701266106},"point_estimate":-0.30356376524317263,"standard_error":0.010359659433842771},"Median":{"confidence_interval":{"confidence_level":0.95,"lower_bound":-0.2804863144647,"upper_bound":-0.25136767914555824},"point_estimate":-0.2534209883126952,"standard_error":0.007297496050426716}}