{"Mean":{"confidence_interval":{"confidence_level":0.95,"lower_bound":464426.41793274164,"upper_bound":473622.42885599635},"point_estimate":468958.3795872487,"standard_error":2346.446278175262},"Median":{"confidence_interval":{"confidence_level":0.95,"lower_bound":464503.7051282051,"upper_bound":473423.08455732354},"point_estimate":468859.47973056487,"standard_error":2185.3397232978296},"MedianAbsDev":{"confidence_interval":{"confidence_level":0.95,"lower_bound":14099.079596913565,"upper_bound":22046.530187089487},"point_estimate":17747.582965695197,"standard_error":2084.4480706082713},"Slope":{"confidence_interval":{"confidence_level":0.95,"lower_bound":469866.2423370557,"upper_bound":476285.7663037143},"point_estimate":473064.55093640706,"standard_error":1635.6473511032839},"StdDev":{"confidence_interval":{"confidence_level":0.95,"lower_bound":17605.849924754264,"upper_bound":29166.513313209154},"point_estimate":23583.7130561043,"standard_error":2953.1537907367156}}