{"Mean":{"confidence_interval":{"confidence_level":0.95,"lower_bound":14809968.136020338,"upper_bound":15902100.251388803},"point_estimate":15366792.168484902,"standard_error":278363.8500828313},"Median":{"confidence_interval":{"confidence_level":0.95,"lower_bound":15461090.57571965,"upper_bound":16054456.391304348},"point_estimate":15741282.335985854,"standard_error":171012.63565801363},"MedianAbsDev":{"confidence_interval":{"confidence_level":0.95,"lower_bound":1461654.636139567,"upper_bound":2946846.0583030866},"point_estimate":1951756.1483611523,"standard_error":379636.745690839},"Slope":{"confidence_interval":{"confidence_level":0.95,"lower_bound":15776194.221498769,"upper_bound":16378252.725406805},"point_estimate":16074967.455608098,"standard_error":153492.84352242053},"StdDev":{"confidence_interval":{"confidence_level":0.95,"lower_bound":2181023.3751442954,"upper_bound":3428330.0600473713},"point_estimate":2809125.3285860475,"standard_error":321545.2534543221}}