{"Mean":{"confidence_interval":{"confidence_level":0.95,"lower_bound":-0.1257394717645002,"upper_bound":-0.01835596173644146},"point_estimate":-0.07237703720959832,"standard_error":0.02744627290697796},"Median":{"confidence_interval":{"confidence_level":0.95,"lower_bound":-0.061817079450219525,"upper_bound":-0.003123877555121002},"point_estimate":-0.0331780877037976,"standard_error":0.014729928144683957}}