{"Mean":{"confidence_interval":{"confidence_level":0.95,"lower_bound":8935169.682793362,"upper_bound":9609840.401066305},"point_estimate":9266013.16744461,"standard_error":172052.80815905286},"Median":{"confidence_interval":{"confidence_level":0.95,"lower_bound":8685279.472222222,"upper_bound":9528659.049382716},"point_estimate":9189585.24764521,"standard_error":196487.27126180456},"MedianAbsDev":{"confidence_interval":{"confidence_level":0.95,"lower_bound":1281382.926969671,"upper_bound":1968332.9791860746},"point_estimate":1642644.771472008,"standard_error":171107.54644795533},"Slope":{"confidence_interval":{"confidence_level":0.95,"lower_bound":9051525.330103539,"upper_bound":9693068.878217706},"point_estimate":9361945.561164474,"standard_error":163400.81150599066},"StdDev":{"confidence_interval":{"confidence_level":0.95,"lower_bound":1408223.474089742,"upper_bound":2020869.8411794547},"point_estimate":1724604.8121003981,"standard_error":156907.76086011255}}