{"Mean":{"confidence_interval":{"confidence_level":0.95,"lower_bound":235066.2868012155,"upper_bound":237391.01284418578},"point_estimate":236186.8981861491,"standard_error":593.1813731335048},"Median":{"confidence_interval":{"confidence_level":0.95,"lower_bound":232955.8988764045,"upper_bound":235175.94390804597},"point_estimate":233934.61408934707,"standard_error":573.0768303886929},"MedianAbsDev":{"confidence_interval":{"confidence_level":0.95,"lower_bound":2373.9477673560255,"upper_bound":4769.593429659624},"point_estimate":3724.4382534164724,"standard_error":635.3950438282701},"Slope":{"confidence_interval":{"confidence_level":0.95,"lower_bound":233387.6514157729,"upper_bound":235666.99101802657},"point_estimate":234424.61238776415,"standard_error":584.5002455172245},"StdDev":{"confidence_interval":{"confidence_level":0.95,"lower_bound":4685.3177706156,"upper_bound":7062.623910300591},"point_estimate":5964.870673724996,"standard_error":606.6501001191555}}