{"Mean":{"confidence_interval":{"confidence_level":0.95,"lower_bound":9418686.587640863,"upper_bound":9482360.858127924},"point_estimate":9449466.079337757,"standard_error":16294.51714115435},"Median":{"confidence_interval":{"confidence_level":0.95,"lower_bound":9401480.655913979,"upper_bound":9474187.721428573},"point_estimate":9434455.383640554,"standard_error":16913.443018199832},"MedianAbsDev":{"confidence_interval":{"confidence_level":0.95,"lower_bound":96322.10151762282,"upper_bound":165542.86630729845},"point_estimate":128274.38082155978,"standard_error":17234.400350189346},"Slope":{"confidence_interval":{"confidence_level":0.95,"lower_bound":9410768.886531355,"upper_bound":9458778.661737323},"point_estimate":9434233.60671494,"standard_error":12216.0071409467},"StdDev":{"confidence_interval":{"confidence_level":0.95,"lower_bound":124357.85491317396,"upper_bound":209468.76950550065},"point_estimate":164149.7329539238,"standard_error":22612.865010931855}}