{"Mean":{"confidence_interval":{"confidence_level":0.95,"lower_bound":0.37785952571290704,"upper_bound":0.3995377659177055},"point_estimate":0.3881455017236206,"standard_error":0.00562820565385419},"Median":{"confidence_interval":{"confidence_level":0.95,"lower_bound":0.3688515678986115,"upper_bound":0.3851921236561522},"point_estimate":0.3776074076743339,"standard_error":0.004409729771845718}}