{"Mean":{"confidence_interval":{"confidence_level":0.95,"lower_bound":9926.595518658056,"upper_bound":10516.916248275917},"point_estimate":10213.973524907718,"standard_error":150.5714770941197},"Median":{"confidence_interval":{"confidence_level":0.95,"lower_bound":9368.44287105645,"upper_bound":9819.91037735849},"point_estimate":9546.798557158712,"standard_error":139.114966995452},"MedianAbsDev":{"confidence_interval":{"confidence_level":0.95,"lower_bound":564.9591053938044,"upper_bound":1238.1246245990826},"point_estimate":817.2969261406281,"standard_error":204.6362543291074},"Slope":{"confidence_interval":{"confidence_level":0.95,"lower_bound":10480.328752408092,"upper_bound":11341.064968611267},"point_estimate":10921.616347117393,"standard_error":219.73797638713754},"StdDev":{"confidence_interval":{"confidence_level":0.95,"lower_bound":1262.4322709834132,"upper_bound":1711.2462575495188},"point_estimate":1510.2591208509516,"standard_error":114.71748643443605}}