{"Mean":{"confidence_interval":{"confidence_level":0.95,"lower_bound":-0.22375387025600307,"upper_bound":-0.21515385302236986},"point_estimate":-0.21946654754828843,"standard_error":0.002186918032419212},"Median":{"confidence_interval":{"confidence_level":0.95,"lower_bound":-0.22589685424588846,"upper_bound":-0.21917211897312616},"point_estimate":-0.22232268401846889,"standard_error":0.0017452435014940048}}