{"Mean":{"confidence_interval":{"confidence_level":0.95,"lower_bound":719840832.7026211,"upper_bound":858272879.734762},"point_estimate":783543212.4992063,"standard_error":35497334.76430423},"Median":{"confidence_interval":{"confidence_level":0.95,"lower_bound":714521411.8571429,"upper_bound":853255591.75},"point_estimate":755708152.7888889,"standard_error":36758656.96126225},"MedianAbsDev":{"confidence_interval":{"confidence_level":0.95,"lower_bound":12574885.467671227,"upper_bound":182245404.902364},"point_estimate":66122704.361162335,"standard_error":43365213.28782481},"Slope":{"confidence_interval":{"confidence_level":0.95,"lower_bound":735331826.1855896,"upper_bound":835696208.755102},"point_estimate":774792542.3766234,"standard_error":25803501.66325406},"StdDev":{"confidence_interval":{"confidence_level":0.95,"lower_bound":48745447.24128782,"upper_bound":163503380.65573782},"point_estimate":118520160.6007561,"standard_error":31621118.529342033}}