{"Mean":{"confidence_interval":{"confidence_level":0.95,"lower_bound":793724265.667747,"upper_bound":940953911.9675},"point_estimate":865772976.4167063,"standard_error":37786874.76839397},"Median":{"confidence_interval":{"confidence_level":0.95,"lower_bound":746667692.7142857,"upper_bound":955040391.8125},"point_estimate":856300692.1805556,"standard_error":48901492.511237904},"MedianAbsDev":{"confidence_interval":{"confidence_level":0.95,"lower_bound":31850575.774044264,"upper_bound":213500058.26342893},"point_estimate":150936102.3929485,"standard_error":47704154.35670258},"Slope":{"confidence_interval":{"confidence_level":0.95,"lower_bound":752938319.1747459,"upper_bound":868380592.385621},"point_estimate":804660281.1558442,"standard_error":29592062.27572568},"StdDev":{"confidence_interval":{"confidence_level":0.95,"lower_bound":70997455.92993829,"upper_bound":159849106.8710614},"point_estimate":126306301.78784116,"standard_error":23012300.31442884}}