{"Mean":{"confidence_interval":{"confidence_level":0.95,"lower_bound":249107.9788727172,"upper_bound":255310.50689922692},"point_estimate":252072.9374237393,"standard_error":1581.748637185358},"Median":{"confidence_interval":{"confidence_level":0.95,"lower_bound":243071.25,"upper_bound":247578.90666666668},"point_estimate":245371.13851351352,"standard_error":1212.8702994074895},"MedianAbsDev":{"confidence_interval":{"confidence_level":0.95,"lower_bound":4241.789803539311,"upper_bound":9414.148649395405},"point_estimate":6860.46676510811,"standard_error":1407.1704976557455},"Slope":{"confidence_interval":{"confidence_level":0.95,"lower_bound":251702.51414649325,"upper_bound":259585.37136955952},"point_estimate":255543.2960602926,"standard_error":2014.062442559663},"StdDev":{"confidence_interval":{"confidence_level":0.95,"lower_bound":12599.72790323032,"upper_bound":18585.214008561168},"point_estimate":15878.252436251347,"standard_error":1526.0022323581345}}