{"Mean":{"confidence_interval":{"confidence_level":0.95,"lower_bound":-0.22297414109698532,"upper_bound":-0.16869119541735603},"point_estimate":-0.19561788619916465,"standard_error":0.013769832728965913},"Median":{"confidence_interval":{"confidence_level":0.95,"lower_bound":-0.20767571237443438,"upper_bound":-0.1725729946890705},"point_estimate":-0.1963648745020533,"standard_error":0.009227201884122314}}