{"Mean":{"confidence_interval":{"confidence_level":0.95,"lower_bound":-0.23351387723380404,"upper_bound":-0.18089353822664825},"point_estimate":-0.2082609321072162,"standard_error":0.013375485829720703},"Median":{"confidence_interval":{"confidence_level":0.95,"lower_bound":-0.24040728244362097,"upper_bound":-0.20695777666342696},"point_estimate":-0.22335800848234677,"standard_error":0.00858117583853333}}