{"Mean":{"confidence_interval":{"confidence_level":0.95,"lower_bound":-0.007370698404880465,"upper_bound":0.004929633613819565},"point_estimate":-0.0010862104030719966,"standard_error":0.00313482064142879},"Median":{"confidence_interval":{"confidence_level":0.95,"lower_bound":-0.0033958638522177953,"upper_bound":0.003541846591093621},"point_estimate":0.0003833220925173464,"standard_error":0.001740831506490397}}