{"Mean":{"confidence_interval":{"confidence_level":0.95,"lower_bound":-0.3276611629083178,"upper_bound":-0.1651788613891112},"point_estimate":-0.2492400960814659,"standard_error":0.04157434165390761},"Median":{"confidence_interval":{"confidence_level":0.95,"lower_bound":-0.24695361934948634,"upper_bound":-0.13720142989092743},"point_estimate":-0.20109968173875958,"standard_error":0.030395545230266073}}