{"Mean":{"confidence_interval":{"confidence_level":0.95,"lower_bound":281411.3927101097,"upper_bound":286279.75611280184},"point_estimate":283716.51244955533,"standard_error":1245.1869199725777},"Median":{"confidence_interval":{"confidence_level":0.95,"lower_bound":278575.2291666666,"upper_bound":281262.837254902},"point_estimate":280027.4870238095,"standard_error":895.6151368474957},"MedianAbsDev":{"confidence_interval":{"confidence_level":0.95,"lower_bound":4184.990179819224,"upper_bound":7547.6025855190655},"point_estimate":5822.628595491319,"standard_error":876.826947995485},"Slope":{"confidence_interval":{"confidence_level":0.95,"lower_bound":282145.9980980595,"upper_bound":288652.7100148596},"point_estimate":285217.3521368406,"standard_error":1665.4481720534409},"StdDev":{"confidence_interval":{"confidence_level":0.95,"lower_bound":8867.406046657617,"upper_bound":15494.43615091007},"point_estimate":12508.813050619445,"standard_error":1694.5949706195406}}