{"Mean":{"confidence_interval":{"confidence_level":0.95,"lower_bound":56524.35070589746,"upper_bound":58424.586369697034},"point_estimate":57411.12979748725,"standard_error":486.33341792916},"Median":{"confidence_interval":{"confidence_level":0.95,"lower_bound":56068.02048056765,"upper_bound":57060.125925925924},"point_estimate":56466.108100233105,"standard_error":245.90634556615882},"MedianAbsDev":{"confidence_interval":{"confidence_level":0.95,"lower_bound":1773.0126159586284,"upper_bound":2714.4713257478934},"point_estimate":2153.7945148139347,"standard_error":249.4210495919616},"Slope":{"confidence_interval":{"confidence_level":0.95,"lower_bound":57725.616697737176,"upper_bound":61266.85605209484},"point_estimate":59386.13233568133,"standard_error":909.5445328778632},"StdDev":{"confidence_interval":{"confidence_level":0.95,"lower_bound":3099.0714430953108,"upper_bound":6450.5733645976825},"point_estimate":4887.275643048927,"standard_error":857.3995750032028}}