{"Mean":{"confidence_interval":{"confidence_level":0.95,"lower_bound":236901.9045048053,"upper_bound":239571.52821928018},"point_estimate":238148.39310687047,"standard_error":681.6192689601994},"Median":{"confidence_interval":{"confidence_level":0.95,"lower_bound":236049.32947173307,"upper_bound":238312.54166666666},"point_estimate":236923.7275735294,"standard_error":642.2407798888878},"MedianAbsDev":{"confidence_interval":{"confidence_level":0.95,"lower_bound":3440.536734436688,"upper_bound":5731.848167894247},"point_estimate":4611.185198001058,"standard_error":566.2073471707948},"Slope":{"confidence_interval":{"confidence_level":0.95,"lower_bound":234199.77660279287,"upper_bound":235611.8458589597},"point_estimate":234842.5367792227,"standard_error":360.39837325182515},"StdDev":{"confidence_interval":{"confidence_level":0.95,"lower_bound":4332.840764730651,"upper_bound":9005.596626543838},"point_estimate":6825.9501326678665,"standard_error":1181.8240746990166}}