{"Mean":{"confidence_interval":{"confidence_level":0.95,"lower_bound":8195307.073198116,"upper_bound":9178044.265178774},"point_estimate":8650853.35487898,"standard_error":251753.13396394814},"Median":{"confidence_interval":{"confidence_level":0.95,"lower_bound":7567288.207233626,"upper_bound":8003686.108433735},"point_estimate":7750220.981951872,"standard_error":128193.81219071956},"MedianAbsDev":{"confidence_interval":{"confidence_level":0.95,"lower_bound":676516.488905892,"upper_bound":1351999.0757915971},"point_estimate":997575.8966478207,"standard_error":165283.00990098796},"Slope":{"confidence_interval":{"confidence_level":0.95,"lower_bound":7952666.906317372,"upper_bound":8903223.727660745},"point_estimate":8370457.297945914,"standard_error":243728.08888089863},"StdDev":{"confidence_interval":{"confidence_level":0.95,"lower_bound":1638265.543749671,"upper_bound":3332542.9318101155},"point_estimate":2535308.6476587504,"standard_error":434279.4692374683}}