{"Mean":{"confidence_interval":{"confidence_level":0.95,"lower_bound":-0.4120427363037014,"upper_bound":-0.30744310703888567},"point_estimate":-0.36030103983482076,"standard_error":0.026772920975802427},"Median":{"confidence_interval":{"confidence_level":0.95,"lower_bound":-0.3013967732750444,"upper_bound":-0.2233477804902816},"point_estimate":-0.2624864040333543,"standard_error":0.021061197656258347}}