{"Mean":{"confidence_interval":{"confidence_level":0.95,"lower_bound":0.45073735298430767,"upper_bound":0.5674953535308066},"point_estimate":0.5005184259094262,"standard_error":0.029958762858691246},"Median":{"confidence_interval":{"confidence_level":0.95,"lower_bound":0.41963947883271846,"upper_bound":0.4292201891740779},"point_estimate":0.42475410997320395,"standard_error":0.0024550535883409155}}