{"Mean":{"confidence_interval":{"confidence_level":0.95,"lower_bound":-0.8266736359051607,"upper_bound":-0.6997791374734283},"point_estimate":-0.7715535178488736,"standard_error":0.032362074832106284},"Median":{"confidence_interval":{"confidence_level":0.95,"lower_bound":-0.8379458521790432,"upper_bound":-0.6534548118610184},"point_estimate":-0.7504170921909594,"standard_error":0.04661036832436601}}