{"Mean":{"confidence_interval":{"confidence_level":0.95,"lower_bound":11251.039180428896,"upper_bound":11509.943096928353},"point_estimate":11372.898950039875,"standard_error":66.3718451864331},"Median":{"confidence_interval":{"confidence_level":0.95,"lower_bound":11111.280130853995,"upper_bound":11178.257657217335},"point_estimate":11144.366057433945,"standard_error":16.57539222677571},"MedianAbsDev":{"confidence_interval":{"confidence_level":0.95,"lower_bound":96.79599456940566,"upper_bound":225.93237930440594},"point_estimate":146.48329605187564,"standard_error":32.889574627317835},"Slope":{"confidence_interval":{"confidence_level":0.95,"lower_bound":11201.895130577594,"upper_bound":11550.22490265618},"point_estimate":11358.642870884103,"standard_error":89.78731820142173},"StdDev":{"confidence_interval":{"confidence_level":0.95,"lower_bound":468.69808392483236,"upper_bound":836.531095347354},"point_estimate":667.6910730362512,"standard_error":94.22340205873166}}