{"Mean":{"confidence_interval":{"confidence_level":0.95,"lower_bound":284744.26777340146,"upper_bound":289032.1875235217},"point_estimate":286749.3673281125,"standard_error":1091.237511328186},"Median":{"confidence_interval":{"confidence_level":0.95,"lower_bound":282490.78125,"upper_bound":285730.9404761905},"point_estimate":284227.7714705882,"standard_error":827.906307374902},"MedianAbsDev":{"confidence_interval":{"confidence_level":0.95,"lower_bound":5363.00430401431,"upper_bound":9097.712852178156},"point_estimate":7441.376129349943,"standard_error":934.6901801898541},"Slope":{"confidence_interval":{"confidence_level":0.95,"lower_bound":281323.53545173904,"upper_bound":285077.9200069464},"point_estimate":283033.34529407416,"standard_error":959.5867255557847},"StdDev":{"confidence_interval":{"confidence_level":0.95,"lower_bound":7466.814190578799,"upper_bound":14552.421804776028},"point_estimate":10970.92475148867,"standard_error":1857.1583797158432}}