{"Mean":{"confidence_interval":{"confidence_level":0.95,"lower_bound":69436.74061050652,"upper_bound":101220.01310494183},"point_estimate":84651.74380819732,"standard_error":8143.633571624612},"Median":{"confidence_interval":{"confidence_level":0.95,"lower_bound":45137.468000833855,"upper_bound":69582.23397435897},"point_estimate":60083.72406462585,"standard_error":6472.963836446616},"MedianAbsDev":{"confidence_interval":{"confidence_level":0.95,"lower_bound":38108.258036806,"upper_bound":65844.01743013761},"point_estimate":56870.42181668997,"standard_error":6569.466074343736},"Slope":{"confidence_interval":{"confidence_level":0.95,"lower_bound":67749.58206712616,"upper_bound":109930.78399450012},"point_estimate":88040.54072147513,"standard_error":10765.172627953505},"StdDev":{"confidence_interval":{"confidence_level":0.95,"lower_bound":63929.815181060694,"upper_bound":97121.90011989971},"point_estimate":81881.2528465599,"standard_error":8466.107129585938}}