{"Mean":{"confidence_interval":{"confidence_level":0.95,"lower_bound":-0.01365906218121393,"upper_bound":0.0044101466817910535},"point_estimate":-0.0045958118821533,"standard_error":0.004606019346745606},"Median":{"confidence_interval":{"confidence_level":0.95,"lower_bound":-0.011970263952433835,"upper_bound":0.0029217122753686375},"point_estimate":-0.0056515090876406715,"standard_error":0.003326133203089288}}