{"Mean":{"confidence_interval":{"confidence_level":0.95,"lower_bound":1579622923.1536825,"upper_bound":1622272051.4444444},"point_estimate":1602669075.1050792,"standard_error":10943933.389080318},"Median":{"confidence_interval":{"confidence_level":0.95,"lower_bound":1583555360.6666665,"upper_bound":1631543745.4444444},"point_estimate":1610491635.65,"standard_error":11325345.781786723},"MedianAbsDev":{"confidence_interval":{"confidence_level":0.95,"lower_bound":6903916.327841019,"upper_bound":55746804.24329656},"point_estimate":27307515.55533489,"standard_error":13158936.60186145},"Slope":{"confidence_interval":{"confidence_level":0.95,"lower_bound":1572487052.7838004,"upper_bound":1630264990.159642},"point_estimate":1605327711.883117,"standard_error":14658593.974853467},"StdDev":{"confidence_interval":{"confidence_level":0.95,"lower_bound":15800821.842001252,"upper_bound":49313891.46697461},"point_estimate":36423498.55846776,"standard_error":9268853.920513345}}