{"Mean":{"confidence_interval":{"confidence_level":0.95,"lower_bound":0.39228083693193716,"upper_bound":0.42869995304015657},"point_estimate":0.4090174698775315,"standard_error":0.008771622519056155},"Median":{"confidence_interval":{"confidence_level":0.95,"lower_bound":0.36123557489073743,"upper_bound":0.38758388829416757},"point_estimate":0.3745584556280197,"standard_error":0.006879444662348995}}