{"Mean":{"confidence_interval":{"confidence_level":0.95,"lower_bound":0.4409527171951927,"upper_bound":0.4747264181805101},"point_estimate":0.4577403851498829,"standard_error":0.008519056624148225},"Median":{"confidence_interval":{"confidence_level":0.95,"lower_bound":0.4351711278854138,"upper_bound":0.45179151630894365},"point_estimate":0.44274668379845283,"standard_error":0.0043914365993037545}}