{"Mean":{"confidence_interval":{"confidence_level":0.95,"lower_bound":59772.244645271174,"upper_bound":62497.31200592936},"point_estimate":61068.31667994368,"standard_error":696.4353814092539},"Median":{"confidence_interval":{"confidence_level":0.95,"lower_bound":57825.44782913165,"upper_bound":59751.59762202753},"point_estimate":58745.45029704627,"standard_error":470.5379364215721},"MedianAbsDev":{"confidence_interval":{"confidence_level":0.95,"lower_bound":2774.4827850912043,"upper_bound":5414.749153642142},"point_estimate":4026.719180496738,"standard_error":724.485870892285},"Slope":{"confidence_interval":{"confidence_level":0.95,"lower_bound":57461.9824021333,"upper_bound":59976.490381597},"point_estimate":58562.74817079425,"standard_error":644.021238900776},"StdDev":{"confidence_interval":{"confidence_level":0.95,"lower_bound":5343.701367990473,"upper_bound":8507.368489893452},"point_estimate":7022.104398093982,"standard_error":809.8524029686898}}