{"Mean":{"confidence_interval":{"confidence_level":0.95,"lower_bound":12709.663667180752,"upper_bound":12795.33438658008},"point_estimate":12749.00022286082,"standard_error":21.996125424696594},"Median":{"confidence_interval":{"confidence_level":0.95,"lower_bound":12675.884081196582,"upper_bound":12712.740967365968},"point_estimate":12700.042643018745,"standard_error":10.379803513657539},"MedianAbsDev":{"confidence_interval":{"confidence_level":0.95,"lower_bound":86.4242942484749,"upper_bound":150.1415348536862},"point_estimate":114.50502851954171,"standard_error":15.74432099395051},"Slope":{"confidence_interval":{"confidence_level":0.95,"lower_bound":12747.943936045463,"upper_bound":12827.343114727457},"point_estimate":12785.175151167241,"standard_error":20.33411430420031},"StdDev":{"confidence_interval":{"confidence_level":0.95,"lower_bound":132.91969012622198,"upper_bound":300.27732040511177},"point_estimate":221.22844083196836,"standard_error":42.9749166869138}}