{"Mean":{"confidence_interval":{"confidence_level":0.95,"lower_bound":-0.22606148445294713,"upper_bound":-0.19245094529346818},"point_estimate":-0.20939374795228038,"standard_error":0.008582416888321334},"Median":{"confidence_interval":{"confidence_level":0.95,"lower_bound":-0.22075654362386218,"upper_bound":-0.1974669310868018},"point_estimate":-0.20669952327613939,"standard_error":0.0062937708755994165}}