{"Mean":{"confidence_interval":{"confidence_level":0.95,"lower_bound":-0.006450132985221787,"upper_bound":0.0026284200524205703},"point_estimate":-0.0020239350543848067,"standard_error":0.002308050764019958},"Median":{"confidence_interval":{"confidence_level":0.95,"lower_bound":-0.0032732204694038147,"upper_bound":0.0029946986183466695},"point_estimate":0.0008267415387241961,"standard_error":0.0017664843282151296}}