{"Mean":{"confidence_interval":{"confidence_level":0.95,"lower_bound":13143753.512195794,"upper_bound":14048840.461267697},"point_estimate":13583712.482524708,"standard_error":231285.68293604808},"Median":{"confidence_interval":{"confidence_level":0.95,"lower_bound":12886857.589473683,"upper_bound":13720630.362563776},"point_estimate":13312483.180722892,"standard_error":185930.1121848981},"MedianAbsDev":{"confidence_interval":{"confidence_level":0.95,"lower_bound":1219549.2501620948,"upper_bound":2119532.640982049},"point_estimate":1681020.6554766886,"standard_error":223645.00138681603},"Slope":{"confidence_interval":{"confidence_level":0.95,"lower_bound":13088369.681566712,"upper_bound":13692246.095264478},"point_estimate":13381871.671526525,"standard_error":154657.9652647617},"StdDev":{"confidence_interval":{"confidence_level":0.95,"lower_bound":1718592.6662186903,"upper_bound":2899005.3134454493},"point_estimate":2321253.26566651,"standard_error":303704.70900520514}}