{"Mean":{"confidence_interval":{"confidence_level":0.95,"lower_bound":224682.68787843228,"upper_bound":225556.41370472973},"point_estimate":225090.70278460142,"standard_error":223.82726351353548},"Median":{"confidence_interval":{"confidence_level":0.95,"lower_bound":224030.91408450704,"upper_bound":224623.17002978406},"point_estimate":224374.9571875,"standard_error":190.11901723264265},"MedianAbsDev":{"confidence_interval":{"confidence_level":0.95,"lower_bound":624.6905448568743,"upper_bound":1315.6340639630173},"point_estimate":1037.4655715869706,"standard_error":220.90764704394948},"Slope":{"confidence_interval":{"confidence_level":0.95,"lower_bound":224255.50117596664,"upper_bound":225449.16472737255},"point_estimate":224785.08951145265,"standard_error":306.91857099351677},"StdDev":{"confidence_interval":{"confidence_level":0.95,"lower_bound":1488.755891092114,"upper_bound":2898.326205122905},"point_estimate":2247.717009898763,"standard_error":359.1231590541007}}