{"Mean":{"confidence_interval":{"confidence_level":0.95,"lower_bound":860225.773915313,"upper_bound":892437.5610847793},"point_estimate":876654.5888975016,"standard_error":8208.591669552947},"Median":{"confidence_interval":{"confidence_level":0.95,"lower_bound":865062.7047413792,"upper_bound":888052.2827380953},"point_estimate":871362.9791666667,"standard_error":7084.341113926397},"MedianAbsDev":{"confidence_interval":{"confidence_level":0.95,"lower_bound":37377.884959486866,"upper_bound":67112.00716621602},"point_estimate":47583.021792909996,"standard_error":7773.382824053893},"Slope":{"confidence_interval":{"confidence_level":0.95,"lower_bound":867175.9232421333,"upper_bound":888714.2113507028},"point_estimate":877818.3379134033,"standard_error":5522.826360076748},"StdDev":{"confidence_interval":{"confidence_level":0.95,"lower_bound":57941.35039069622,"upper_bound":106033.94016248969},"point_estimate":82296.80921645532,"standard_error":12386.56184627068}}