{"Mean":{"confidence_interval":{"confidence_level":0.95,"lower_bound":9098.171280030436,"upper_bound":9397.467531818047},"point_estimate":9239.588379660885,"standard_error":76.57229639521852},"Median":{"confidence_interval":{"confidence_level":0.95,"lower_bound":8898.62683982684,"upper_bound":9049.051704545454},"point_estimate":8957.70731060606,"standard_error":37.0184902662558},"MedianAbsDev":{"confidence_interval":{"confidence_level":0.95,"lower_bound":201.2370790247202,"upper_bound":407.3076218562978},"point_estimate":288.35449326571137,"standard_error":52.924045397839826},"Slope":{"confidence_interval":{"confidence_level":0.95,"lower_bound":9005.839884087753,"upper_bound":9262.792728412569},"point_estimate":9120.255128148636,"standard_error":66.01632690234146},"StdDev":{"confidence_interval":{"confidence_level":0.95,"lower_bound":552.843675960127,"upper_bound":949.5017498980197},"point_estimate":769.695805275765,"standard_error":101.58303661685451}}