{"Mean":{"confidence_interval":{"confidence_level":0.95,"lower_bound":9378807.835636657,"upper_bound":9443681.258492302},"point_estimate":9409489.144982163,"standard_error":16569.150818459293},"Median":{"confidence_interval":{"confidence_level":0.95,"lower_bound":9366917.235,"upper_bound":9400061.078431373},"point_estimate":9378959.601627138,"standard_error":9366.070924857602},"MedianAbsDev":{"confidence_interval":{"confidence_level":0.95,"lower_bound":63344.08818666624,"upper_bound":131870.63129498603},"point_estimate":91059.60446182756,"standard_error":17447.96232883829},"Slope":{"confidence_interval":{"confidence_level":0.95,"lower_bound":9372534.786623038,"upper_bound":9416568.085667005},"point_estimate":9394207.618265111,"standard_error":11216.455589797924},"StdDev":{"confidence_interval":{"confidence_level":0.95,"lower_bound":116140.29247419682,"upper_bound":219355.01314871985},"point_estimate":166859.23473664225,"standard_error":27061.32058419366}}