{"Mean":{"confidence_interval":{"confidence_level":0.95,"lower_bound":296428.39526049566,"upper_bound":320068.5754438623},"point_estimate":306571.66243440297,"standard_error":6108.491745040957},"Median":{"confidence_interval":{"confidence_level":0.95,"lower_bound":289279.0681423611,"upper_bound":290927.9583333333},"point_estimate":290095.51964285714,"standard_error":419.69190521470784},"MedianAbsDev":{"confidence_interval":{"confidence_level":0.95,"lower_bound":2362.1626370404933,"upper_bound":5328.261683404458},"point_estimate":3569.259558397637,"standard_error":783.3201084589948},"Slope":{"confidence_interval":{"confidence_level":0.95,"lower_bound":304642.9595761778,"upper_bound":358076.076548424},"point_estimate":328228.09155608097,"standard_error":13852.809916625254},"StdDev":{"confidence_interval":{"confidence_level":0.95,"lower_bound":20693.274119027974,"upper_bound":94813.27767087553},"point_estimate":61297.05632377101,"standard_error":19578.298390758082}}