{"Mean":{"confidence_interval":{"confidence_level":0.95,"lower_bound":3195521527.0850005,"upper_bound":3299977901.0017614},"point_estimate":3244674884.791429,"standard_error":26689069.195903055},"Median":{"confidence_interval":{"confidence_level":0.95,"lower_bound":3183107348.5,"upper_bound":3297008378.833333},"point_estimate":3236434547.1000004,"standard_error":24492538.46532522},"MedianAbsDev":{"confidence_interval":{"confidence_level":0.95,"lower_bound":11321081.755110739,"upper_bound":149704033.73014185},"point_estimate":61371792.2852331,"standard_error":39169269.01528769},"Slope":{"confidence_interval":{"confidence_level":0.95,"lower_bound":3193762964.85567,"upper_bound":3293279360.64011},"point_estimate":3246304587.2805195,"standard_error":25444559.939301666},"StdDev":{"confidence_interval":{"confidence_level":0.95,"lower_bound":40941749.412077665,"upper_bound":118299431.34586458},"point_estimate":89072983.92536521,"standard_error":20536152.679076355}}