{"Mean":{"confidence_interval":{"confidence_level":0.95,"lower_bound":732736.1958518536,"upper_bound":738091.0092343042},"point_estimate":735350.2331969402,"standard_error":1368.8002021746695},"Median":{"confidence_interval":{"confidence_level":0.95,"lower_bound":732397.9610849057,"upper_bound":736544.7717948718},"point_estimate":734876.6257062147,"standard_error":1103.3123289219718},"MedianAbsDev":{"confidence_interval":{"confidence_level":0.95,"lower_bound":7210.288289183931,"upper_bound":12017.272064007399},"point_estimate":9144.570554179407,"standard_error":1238.6052806213577},"Slope":{"confidence_interval":{"confidence_level":0.95,"lower_bound":734035.1526969378,"upper_bound":741017.4674297539},"point_estimate":737312.3650007389,"standard_error":1789.3300471547948},"StdDev":{"confidence_interval":{"confidence_level":0.95,"lower_bound":10592.91166266318,"upper_bound":16620.79318674591},"point_estimate":13746.260790054477,"standard_error":1539.0414342106255}}