{"Mean":{"confidence_interval":{"confidence_level":0.95,"lower_bound":0.432873307162094,"upper_bound":0.458268028196647},"point_estimate":0.4447191330080147,"standard_error":0.006713931790015905},"Median":{"confidence_interval":{"confidence_level":0.95,"lower_bound":0.42062615584911134,"upper_bound":0.43679161980702075},"point_estimate":0.42915500751154534,"standard_error":0.004813098881583347}}