{"Mean":{"confidence_interval":{"confidence_level":0.95,"lower_bound":-0.2611737666898212,"upper_bound":-0.24691085950144948},"point_estimate":-0.2533103706930132,"standard_error":0.0036175328317653087},"Median":{"confidence_interval":{"confidence_level":0.95,"lower_bound":-0.2561965413558265,"upper_bound":-0.24875696886689636},"point_estimate":-0.25298986706723414,"standard_error":0.002042222445194163}}