{"Mean":{"confidence_interval":{"confidence_level":0.95,"lower_bound":5520.327561537636,"upper_bound":5564.368935710336},"point_estimate":5541.19431890615,"standard_error":11.275858767603939},"Median":{"confidence_interval":{"confidence_level":0.95,"lower_bound":5491.66552052851,"upper_bound":5519.287980544806},"point_estimate":5504.29925425524,"standard_error":6.702210839834022},"MedianAbsDev":{"confidence_interval":{"confidence_level":0.95,"lower_bound":42.408671993584676,"upper_bound":79.83375026454583},"point_estimate":59.627882815248654,"standard_error":9.118190505646819},"Slope":{"confidence_interval":{"confidence_level":0.95,"lower_bound":5506.353672282341,"upper_bound":5555.328640307489},"point_estimate":5527.937497401537,"standard_error":12.570890072782348},"StdDev":{"confidence_interval":{"confidence_level":0.95,"lower_bound":82.7469471746205,"upper_bound":140.23736097978323},"point_estimate":113.31397538388732,"standard_error":14.749377169077958}}