{"Mean":{"confidence_interval":{"confidence_level":0.95,"lower_bound":5407151.285350896,"upper_bound":5577757.34028548},"point_estimate":5493460.699464489,"standard_error":43560.98609484819},"Median":{"confidence_interval":{"confidence_level":0.95,"lower_bound":5407396.428571428,"upper_bound":5581645.335581396},"point_estimate":5508872.78180955,"standard_error":49945.25016556846},"MedianAbsDev":{"confidence_interval":{"confidence_level":0.95,"lower_bound":298678.9724879978,"upper_bound":457309.6908540662},"point_estimate":394290.17685066693,"standard_error":42092.49091156469},"Slope":{"confidence_interval":{"confidence_level":0.95,"lower_bound":5457560.291233993,"upper_bound":5587436.960654802},"point_estimate":5522295.048195655,"standard_error":33095.53723339084},"StdDev":{"confidence_interval":{"confidence_level":0.95,"lower_bound":360705.8597906604,"upper_bound":506561.5459596754},"point_estimate":437182.7626429009,"standard_error":37208.46973026476}}