{"Mean":{"confidence_interval":{"confidence_level":0.95,"lower_bound":0.13242160607002051,"upper_bound":0.2486753710691296},"point_estimate":0.18973906820661224,"standard_error":0.029572466901838883},"Median":{"confidence_interval":{"confidence_level":0.95,"lower_bound":0.16734129246542073,"upper_bound":0.2965029804909842},"point_estimate":0.2395284027239688,"standard_error":0.031233542663749645}}