{"Mean":{"confidence_interval":{"confidence_level":0.95,"lower_bound":0.729814735269439,"upper_bound":0.7723717495646791},"point_estimate":0.7514955383324562,"standard_error":0.010860275508374605},"Median":{"confidence_interval":{"confidence_level":0.95,"lower_bound":0.7303683910277152,"upper_bound":0.7835305806529937},"point_estimate":0.7565491514296745,"standard_error":0.012315957297637067}}