{"Mean":{"confidence_interval":{"confidence_level":0.95,"lower_bound":1583408.7723513648,"upper_bound":1703247.1061401},"point_estimate":1644007.2462016183,"standard_error":30580.163036052854},"Median":{"confidence_interval":{"confidence_level":0.95,"lower_bound":1618880.5309103262,"upper_bound":1747750.4893617022},"point_estimate":1668873.141025641,"standard_error":32038.751534032188},"MedianAbsDev":{"confidence_interval":{"confidence_level":0.95,"lower_bound":185934.17719517206,"upper_bound":301519.35499452235},"point_estimate":258915.32193070443,"standard_error":29570.843353847165},"Slope":{"confidence_interval":{"confidence_level":0.95,"lower_bound":1688021.8689536063,"upper_bound":1776250.202849737},"point_estimate":1731802.3664164327,"standard_error":22476.7156038727},"StdDev":{"confidence_interval":{"confidence_level":0.95,"lower_bound":248777.85931890673,"upper_bound":360091.799523824},"point_estimate":307383.2876722637,"standard_error":28293.66825351369}}