{"Mean":{"confidence_interval":{"confidence_level":0.95,"lower_bound":68959.73120277237,"upper_bound":73214.96385480811},"point_estimate":71057.98930937503,"standard_error":1086.4785201713137},"Median":{"confidence_interval":{"confidence_level":0.95,"lower_bound":67114.534375,"upper_bound":73763.86691176471},"point_estimate":70777.23106317935,"standard_error":2031.1624955877996},"MedianAbsDev":{"confidence_interval":{"confidence_level":0.95,"lower_bound":9251.473899800227,"upper_bound":14260.22267788444},"point_estimate":12037.687494134643,"standard_error":1281.5180055683588},"Slope":{"confidence_interval":{"confidence_level":0.95,"lower_bound":71911.91503788966,"upper_bound":76775.19813031676},"point_estimate":74285.92990542339,"standard_error":1237.9569453947975},"StdDev":{"confidence_interval":{"confidence_level":0.95,"lower_bound":9014.348522387785,"upper_bound":12872.027008655694},"point_estimate":10929.0877327849,"standard_error":998.2147115290136}}