{"Mean":{"confidence_interval":{"confidence_level":0.95,"lower_bound":619748.4546706729,"upper_bound":643510.8748801309},"point_estimate":630893.4467168752,"standard_error":6072.325620963998},"Median":{"confidence_interval":{"confidence_level":0.95,"lower_bound":611463.0166666667,"upper_bound":628524.4539473684},"point_estimate":619178.0600600601,"standard_error":4195.782661512756},"MedianAbsDev":{"confidence_interval":{"confidence_level":0.95,"lower_bound":24839.93813822802,"upper_bound":37684.522481113105},"point_estimate":31337.46456281156,"standard_error":3370.030001778086},"Slope":{"confidence_interval":{"confidence_level":0.95,"lower_bound":625695.4947628651,"upper_bound":660685.5238321548},"point_estimate":641789.1904758386,"standard_error":8965.104923293768},"StdDev":{"confidence_interval":{"confidence_level":0.95,"lower_bound":40686.95239306824,"upper_bound":78823.94198769578},"point_estimate":60903.69604589492,"standard_error":9779.317307478288}}