{"Mean":{"confidence_interval":{"confidence_level":0.95,"lower_bound":733915.7963253673,"upper_bound":738487.8788612117},"point_estimate":736127.3447922413,"standard_error":1167.8140735667578},"Median":{"confidence_interval":{"confidence_level":0.95,"lower_bound":731985.4515821058,"upper_bound":736848.1111111111},"point_estimate":733918.0659722222,"standard_error":1325.5518503128096},"MedianAbsDev":{"confidence_interval":{"confidence_level":0.95,"lower_bound":6805.671563754257,"upper_bound":10893.526617963907},"point_estimate":9394.865515205593,"standard_error":1061.7018297127659},"Slope":{"confidence_interval":{"confidence_level":0.95,"lower_bound":732400.8738148122,"upper_bound":735457.5869083346},"point_estimate":733900.4289301019,"standard_error":777.3225350601588},"StdDev":{"confidence_interval":{"confidence_level":0.95,"lower_bound":8835.448170924445,"upper_bound":14442.137402434135},"point_estimate":11753.16894995302,"standard_error":1437.8451808486027}}