{"Mean":{"confidence_interval":{"confidence_level":0.95,"lower_bound":0.17646003591811613,"upper_bound":0.2639041947105282},"point_estimate":0.22096823546389333,"standard_error":0.022123516953460612},"Median":{"confidence_interval":{"confidence_level":0.95,"lower_bound":0.17764529509260846,"upper_bound":0.30538639356638697},"point_estimate":0.24693087543372516,"standard_error":0.037545363099853735}}