{"Mean":{"confidence_interval":{"confidence_level":0.95,"lower_bound":242584.29569683856,"upper_bound":243496.4727094},"point_estimate":242991.00262789812,"standard_error":234.73306312393024},"Median":{"confidence_interval":{"confidence_level":0.95,"lower_bound":242274.175,"upper_bound":242753.48137254902},"point_estimate":242515.93137457044,"standard_error":112.25926201520112},"MedianAbsDev":{"confidence_interval":{"confidence_level":0.95,"lower_bound":695.9932299233309,"upper_bound":1236.189661608789},"point_estimate":944.2917840592678,"standard_error":138.4474326745381},"Slope":{"confidence_interval":{"confidence_level":0.95,"lower_bound":242167.83632942685,"upper_bound":242843.72673239344},"point_estimate":242478.53903590955,"standard_error":172.4123250132185},"StdDev":{"confidence_interval":{"confidence_level":0.95,"lower_bound":1130.5561599735806,"upper_bound":3435.7887373246494},"point_estimate":2353.918796900409,"standard_error":608.759588247264}}