{"Mean":{"confidence_interval":{"confidence_level":0.95,"lower_bound":6071377.272256921,"upper_bound":6381285.466538356},"point_estimate":6220029.054460695,"standard_error":79131.94406967048},"Median":{"confidence_interval":{"confidence_level":0.95,"lower_bound":6016089.9,"upper_bound":6201992.979310345},"point_estimate":6107599.181280788,"standard_error":51291.38538961451},"MedianAbsDev":{"confidence_interval":{"confidence_level":0.95,"lower_bound":351192.5224869442,"upper_bound":603350.2162814904},"point_estimate":478170.7352189867,"standard_error":63856.06373843771},"Slope":{"confidence_interval":{"confidence_level":0.95,"lower_bound":5972830.792763901,"upper_bound":6128087.168507497},"point_estimate":6050243.91319935,"standard_error":39601.89379805352},"StdDev":{"confidence_interval":{"confidence_level":0.95,"lower_bound":591659.1561023548,"upper_bound":976325.4959681917},"point_estimate":797221.4622786657,"standard_error":98041.75284896822}}