{"Mean":{"confidence_interval":{"confidence_level":0.95,"lower_bound":246142059.23055553,"upper_bound":254031748.77749997},"point_estimate":249968855.92222223,"standard_error":2023098.6219318674},"Median":{"confidence_interval":{"confidence_level":0.95,"lower_bound":243464771.16666666,"upper_bound":255113731.5},"point_estimate":249960399.625,"standard_error":2720996.426365113},"MedianAbsDev":{"confidence_interval":{"confidence_level":0.95,"lower_bound":1328388.0787163973,"upper_bound":11380483.358556032},"point_estimate":7687671.405066557,"standard_error":2733680.630547171},"Slope":{"confidence_interval":{"confidence_level":0.95,"lower_bound":243361793.19286498,"upper_bound":250769349.84042552},"point_estimate":246090270.24935064,"standard_error":1897528.3719524029},"StdDev":{"confidence_interval":{"confidence_level":0.95,"lower_bound":3742721.873991575,"upper_bound":8392260.295665516},"point_estimate":6729863.568883508,"standard_error":1194620.8676585227}}