{"Mean":{"confidence_interval":{"confidence_level":0.95,"lower_bound":121959521.99095237,"upper_bound":128744036.21714285},"point_estimate":125229450.99214284,"standard_error":1728635.0151743013},"Median":{"confidence_interval":{"confidence_level":0.95,"lower_bound":120859826.0,"upper_bound":128650695.0},"point_estimate":126160930.73333333,"standard_error":2011608.3272940987},"MedianAbsDev":{"confidence_interval":{"confidence_level":0.95,"lower_bound":501248.349161062,"upper_bound":10158837.394744577},"point_estimate":4096735.8392783985,"standard_error":2365662.5283670556},"Slope":{"confidence_interval":{"confidence_level":0.95,"lower_bound":123691538.09738567,"upper_bound":127596545.70645238},"point_estimate":125687004.7012987,"standard_error":1011073.4253928981},"StdDev":{"confidence_interval":{"confidence_level":0.95,"lower_bound":2913389.547434492,"upper_bound":7693456.817551058},"point_estimate":5764354.061803635,"standard_error":1267477.529778939}}