{"Mean":{"confidence_interval":{"confidence_level":0.95,"lower_bound":-0.011343882559455757,"upper_bound":0.015714393944446906},"point_estimate":0.001759063106785197,"standard_error":0.0068813766515553485},"Median":{"confidence_interval":{"confidence_level":0.95,"lower_bound":-0.010140069539514171,"upper_bound":0.015764890032574197},"point_estimate":0.004532011828909388,"standard_error":0.006285125600810838}}