{"Mean":{"confidence_interval":{"confidence_level":0.95,"lower_bound":634977.7177227588,"upper_bound":675404.0523253569},"point_estimate":654345.8626718235,"standard_error":10307.366554578075},"Median":{"confidence_interval":{"confidence_level":0.95,"lower_bound":618157.2200481256,"upper_bound":639514.2222222222},"point_estimate":626141.5021437579,"standard_error":5627.006569584732},"MedianAbsDev":{"confidence_interval":{"confidence_level":0.95,"lower_bound":31712.906612240247,"upper_bound":55049.267497330504},"point_estimate":41363.325985914205,"standard_error":6036.53559254462},"Slope":{"confidence_interval":{"confidence_level":0.95,"lower_bound":621378.6760622463,"upper_bound":637528.4927470896},"point_estimate":629213.7638347865,"standard_error":4115.777722877542},"StdDev":{"confidence_interval":{"confidence_level":0.95,"lower_bound":76339.62023645932,"upper_bound":125621.37387347265},"point_estimate":103371.86851359956,"standard_error":12534.197623032785}}