{"Mean":{"confidence_interval":{"confidence_level":0.95,"lower_bound":-0.11991387566104862,"upper_bound":-0.03503877295527874},"point_estimate":-0.07850471842413331,"standard_error":0.02163599132604733},"Median":{"confidence_interval":{"confidence_level":0.95,"lower_bound":-0.1684932460777453,"upper_bound":-0.02234479391447519},"point_estimate":-0.06342164633734548,"standard_error":0.03259425139808541}}