{"Mean":{"confidence_interval":{"confidence_level":0.95,"lower_bound":7681474.795788081,"upper_bound":8118752.995487852},"point_estimate":7893688.038662795,"standard_error":110993.51102221968},"Median":{"confidence_interval":{"confidence_level":0.95,"lower_bound":7395418.221518988,"upper_bound":7850053.2352852635},"point_estimate":7526669.6786030065,"standard_error":109261.0013689498},"MedianAbsDev":{"confidence_interval":{"confidence_level":0.95,"lower_bound":550800.8766833906,"upper_bound":1025682.0577008643},"point_estimate":753147.5765961119,"standard_error":120739.98128825158},"Slope":{"confidence_interval":{"confidence_level":0.95,"lower_bound":7509873.365273592,"upper_bound":8009717.376673115},"point_estimate":7745546.047956258,"standard_error":127851.33972974947},"StdDev":{"confidence_interval":{"confidence_level":0.95,"lower_bound":888724.8348060201,"upper_bound":1306913.462409685},"point_estimate":1112865.7006426773,"standard_error":106857.65625891925}}