{"Mean":{"confidence_interval":{"confidence_level":0.95,"lower_bound":135285248.6876201,"upper_bound":145630424.84413433},"point_estimate":140274477.42538735,"standard_error":2640714.7232023813},"Median":{"confidence_interval":{"confidence_level":0.95,"lower_bound":135022020.73118278,"upper_bound":143844374.80933177},"point_estimate":139044941.87720057,"standard_error":2132945.3922536653},"MedianAbsDev":{"confidence_interval":{"confidence_level":0.95,"lower_bound":15479541.582213713,"upper_bound":24197402.763662565},"point_estimate":21071291.72549664,"standard_error":2182818.061528813},"Slope":{"confidence_interval":{"confidence_level":0.95,"lower_bound":136973773.48596966,"upper_bound":143543552.55064774},"point_estimate":140233312.11891532,"standard_error":1676841.4648621716},"StdDev":{"confidence_interval":{"confidence_level":0.95,"lower_bound":17810820.46603627,"upper_bound":34626891.852857046},"point_estimate":26532552.454775736,"standard_error":4306821.591358663}}