{"Mean":{"confidence_interval":{"confidence_level":0.95,"lower_bound":-0.28988314391380005,"upper_bound":-0.2756058867738477},"point_estimate":-0.2818019340044866,"standard_error":0.0036777861749233546},"Median":{"confidence_interval":{"confidence_level":0.95,"lower_bound":-0.27696951369967526,"upper_bound":-0.2742944831122407},"point_estimate":-0.2754347633121179,"standard_error":0.0007075307254940035}}