{"Mean":{"confidence_interval":{"confidence_level":0.95,"lower_bound":-0.3033755763106098,"upper_bound":-0.2269761467064416},"point_estimate":-0.26572100747225735,"standard_error":0.019528507759829845},"Median":{"confidence_interval":{"confidence_level":0.95,"lower_bound":-0.30166497792783964,"upper_bound":-0.2303178925298908},"point_estimate":-0.2679885817279899,"standard_error":0.018073121409526893}}