{"Mean":{"confidence_interval":{"confidence_level":0.95,"lower_bound":787569.0464977487,"upper_bound":862705.077853763},"point_estimate":823640.150981622,"standard_error":19142.347534755118},"Median":{"confidence_interval":{"confidence_level":0.95,"lower_bound":735047.4806451614,"upper_bound":884268.1037735849},"point_estimate":814547.8047945206,"standard_error":38661.216429894266},"MedianAbsDev":{"confidence_interval":{"confidence_level":0.95,"lower_bound":131205.68762196603,"upper_bound":222218.96843248626},"point_estimate":187328.32948440226,"standard_error":21560.597645874204},"Slope":{"confidence_interval":{"confidence_level":0.95,"lower_bound":715085.3904818218,"upper_bound":785275.9866345698},"point_estimate":748770.1409398551,"standard_error":17961.224834269917},"StdDev":{"confidence_interval":{"confidence_level":0.95,"lower_bound":141759.1078447653,"upper_bound":242134.42269129233},"point_estimate":191835.47166648207,"standard_error":26146.980273492896}}