{"Mean":{"confidence_interval":{"confidence_level":0.95,"lower_bound":0.3524788725204343,"upper_bound":0.3678884109138719},"point_estimate":0.35971320009712593,"standard_error":0.003937499902743619},"Median":{"confidence_interval":{"confidence_level":0.95,"lower_bound":0.3519543828778197,"upper_bound":0.3625868142990212},"point_estimate":0.3574217967127249,"standard_error":0.002684386832935354}}