{"Mean":{"confidence_interval":{"confidence_level":0.95,"lower_bound":0.529048342342661,"upper_bound":0.6071379327341819},"point_estimate":0.5752035497479682,"standard_error":0.020584963524636433},"Median":{"confidence_interval":{"confidence_level":0.95,"lower_bound":0.5694110406062791,"upper_bound":0.600715731072001},"point_estimate":0.5868872864227745,"standard_error":0.00885354230147488}}