{"Mean":{"confidence_interval":{"confidence_level":0.95,"lower_bound":41929.965399743465,"upper_bound":42499.92803143249},"point_estimate":42228.70279331253,"standard_error":144.73109383906584},"Median":{"confidence_interval":{"confidence_level":0.95,"lower_bound":42009.24178403756,"upper_bound":42339.20888683217},"point_estimate":42129.21004536894,"standard_error":77.22144223248344},"MedianAbsDev":{"confidence_interval":{"confidence_level":0.95,"lower_bound":603.5413045880549,"upper_bound":979.9028415598085},"point_estimate":775.6828695913027,"standard_error":91.59231442045858},"Slope":{"confidence_interval":{"confidence_level":0.95,"lower_bound":42164.45360639636,"upper_bound":42475.21401018148},"point_estimate":42315.3871367174,"standard_error":79.21630814914602},"StdDev":{"confidence_interval":{"confidence_level":0.95,"lower_bound":920.4440894386773,"upper_bound":2011.5122263801188},"point_estimate":1458.1909293835088,"standard_error":288.835548584877}}