{"Mean":{"confidence_interval":{"confidence_level":0.95,"lower_bound":-0.27088798109257556,"upper_bound":-0.26594097083413404},"point_estimate":-0.2682696828400776,"standard_error":0.0012648843547209375},"Median":{"confidence_interval":{"confidence_level":0.95,"lower_bound":-0.268158767813956,"upper_bound":-0.26504560788562004},"point_estimate":-0.2663019462910541,"standard_error":0.0007194778220209153}}