{"Mean":{"confidence_interval":{"confidence_level":0.95,"lower_bound":267285.0228566635,"upper_bound":272640.0214665947},"point_estimate":269754.21661333425,"standard_error":1370.9645702747168},"Median":{"confidence_interval":{"confidence_level":0.95,"lower_bound":264426.512345679,"upper_bound":267391.7103174603},"point_estimate":265826.5145652469,"standard_error":779.1168686529094},"MedianAbsDev":{"confidence_interval":{"confidence_level":0.95,"lower_bound":5008.396402918826,"upper_bound":8599.981497200446},"point_estimate":7048.809774858614,"standard_error":898.6889266949347},"Slope":{"confidence_interval":{"confidence_level":0.95,"lower_bound":268824.65222646354,"upper_bound":275610.18689153466},"point_estimate":272012.82401137875,"standard_error":1734.1379224886439},"StdDev":{"confidence_interval":{"confidence_level":0.95,"lower_bound":8343.551581964673,"upper_bound":18527.215067519395},"point_estimate":13770.788307101562,"standard_error":2619.6800472051514}}