{"Mean":{"confidence_interval":{"confidence_level":0.95,"lower_bound":-0.4263270928512554,"upper_bound":-0.3415607475514204},"point_estimate":-0.38580771978336026,"standard_error":0.021631904269954174},"Median":{"confidence_interval":{"confidence_level":0.95,"lower_bound":-0.38208661081852724,"upper_bound":-0.2966748067632227},"point_estimate":-0.34299229765134376,"standard_error":0.022582562905637937}}