{"Mean":{"confidence_interval":{"confidence_level":0.95,"lower_bound":-0.36868267490984713,"upper_bound":-0.3244304213209168},"point_estimate":-0.34646708143678306,"standard_error":0.011299897214613594},"Median":{"confidence_interval":{"confidence_level":0.95,"lower_bound":-0.2886528455606472,"upper_bound":-0.28066154539483235},"point_estimate":-0.2843507299745276,"standard_error":0.0024042163160833707}}