{"Mean":{"confidence_interval":{"confidence_level":0.95,"lower_bound":-0.035256040671022955,"upper_bound":-0.0004511145238360523},"point_estimate":-0.017443792965259997,"standard_error":0.008873540764888057},"Median":{"confidence_interval":{"confidence_level":0.95,"lower_bound":-0.021227523691165207,"upper_bound":-0.010322847296452942},"point_estimate":-0.014536555429525477,"standard_error":0.002838896434580625}}