{"Mean":{"confidence_interval":{"confidence_level":0.95,"lower_bound":64392796.52606193,"upper_bound":66761808.995889656},"point_estimate":65579930.146222495,"standard_error":603345.3832792519},"Median":{"confidence_interval":{"confidence_level":0.95,"lower_bound":64233942.35483871,"upper_bound":67326870.26966292},"point_estimate":65779945.4563172,"standard_error":780558.563836035},"MedianAbsDev":{"confidence_interval":{"confidence_level":0.95,"lower_bound":4190481.9081790745,"upper_bound":6643036.819710395},"point_estimate":5309847.261372426,"standard_error":604638.1971012872},"Slope":{"confidence_interval":{"confidence_level":0.95,"lower_bound":65153280.129653774,"upper_bound":67302287.08228287},"point_estimate":66200704.364471704,"standard_error":548151.2251129093},"StdDev":{"confidence_interval":{"confidence_level":0.95,"lower_bound":5038701.895559839,"upper_bound":6982974.7287078565},"point_estimate":6046393.065571576,"standard_error":497438.84304756817}}