{"Mean":{"confidence_interval":{"confidence_level":0.95,"lower_bound":16859564857.409765,"upper_bound":24009494445.6255},"point_estimate":20427424744.955437,"standard_error":1833318247.3207936},"Median":{"confidence_interval":{"confidence_level":0.95,"lower_bound":14497645337.933334,"upper_bound":26624917595.5},"point_estimate":21798077334.7,"standard_error":3296741621.1777983},"MedianAbsDev":{"confidence_interval":{"confidence_level":0.95,"lower_bound":500331524.6610687,"upper_bound":9889464587.525162},"point_estimate":9313868378.527246,"standard_error":2757318838.1288276},"Slope":{"confidence_interval":{"confidence_level":0.95,"lower_bound":15525059516.820387,"upper_bound":24942113854.548454},"point_estimate":20559078453.03896,"standard_error":2376637975.0782876},"StdDev":{"confidence_interval":{"confidence_level":0.95,"lower_bound":3978336128.609697,"upper_bound":7148641999.963078},"point_estimate":6118389336.968996,"standard_error":817730950.9877219}}