{"Mean":{"confidence_interval":{"confidence_level":0.95,"lower_bound":60503.39530211858,"upper_bound":64581.071939993184},"point_estimate":62466.664928716265,"standard_error":1040.3669184292821},"Median":{"confidence_interval":{"confidence_level":0.95,"lower_bound":56619.1875,"upper_bound":59128.46214788732},"point_estimate":57544.21496054817,"standard_error":633.8179944673444},"MedianAbsDev":{"confidence_interval":{"confidence_level":0.95,"lower_bound":2556.577301328269,"upper_bound":5702.555126359137},"point_estimate":3664.59000994052,"standard_error":781.1388570415968},"Slope":{"confidence_interval":{"confidence_level":0.95,"lower_bound":60520.451480531294,"upper_bound":65864.55746534605},"point_estimate":62944.4479959731,"standard_error":1368.7760749183865},"StdDev":{"confidence_interval":{"confidence_level":0.95,"lower_bound":8503.306813186697,"upper_bound":12004.077573751156},"point_estimate":10443.424667705394,"standard_error":893.4588199887195}}