{"Mean":{"confidence_interval":{"confidence_level":0.95,"lower_bound":9527.521008821117,"upper_bound":9970.744264091885},"point_estimate":9740.845192152097,"standard_error":112.78402601324872},"Median":{"confidence_interval":{"confidence_level":0.95,"lower_bound":9132.702884857648,"upper_bound":9378.88687279423},"point_estimate":9214.471866096865,"standard_error":63.36285244128183},"MedianAbsDev":{"confidence_interval":{"confidence_level":0.95,"lower_bound":268.4782510056546,"upper_bound":602.4376527889951},"point_estimate":372.73185518268997,"standard_error":83.11292205350645},"Slope":{"confidence_interval":{"confidence_level":0.95,"lower_bound":9174.219209721809,"upper_bound":9756.469893599902},"point_estimate":9433.286794709016,"standard_error":149.4592136721567},"StdDev":{"confidence_interval":{"confidence_level":0.95,"lower_bound":898.5301007984837,"upper_bound":1322.1697667348515},"point_estimate":1133.7377433035274,"standard_error":108.01524216682998}}