{"Mean":{"confidence_interval":{"confidence_level":0.95,"lower_bound":629546.3396823774,"upper_bound":648694.8795380966},"point_estimate":638317.282912262,"standard_error":4895.5234214822485},"Median":{"confidence_interval":{"confidence_level":0.95,"lower_bound":628524.5536151961,"upper_bound":639032.051510989},"point_estimate":633824.5517197289,"standard_error":2519.4264029185892},"MedianAbsDev":{"confidence_interval":{"confidence_level":0.95,"lower_bound":16917.149816046633,"upper_bound":34213.310445136165},"point_estimate":25146.24256046709,"standard_error":4321.517446742026},"Slope":{"confidence_interval":{"confidence_level":0.95,"lower_bound":629239.6373783976,"upper_bound":638016.477605305},"point_estimate":633563.5989714792,"standard_error":2236.8890913343475},"StdDev":{"confidence_interval":{"confidence_level":0.95,"lower_bound":29114.272418379427,"upper_bound":70383.62352340319},"point_estimate":49413.24415295855,"standard_error":11291.287433723977}}