{"Mean":{"confidence_interval":{"confidence_level":0.95,"lower_bound":9719.85544883962,"upper_bound":10381.742443106703},"point_estimate":10033.470192110057,"standard_error":169.24966153494472},"Median":{"confidence_interval":{"confidence_level":0.95,"lower_bound":9107.665871037767,"upper_bound":9532.141803803748},"point_estimate":9314.83996290448,"standard_error":121.97283794624585},"MedianAbsDev":{"confidence_interval":{"confidence_level":0.95,"lower_bound":451.33335610272894,"upper_bound":1044.498189305124},"point_estimate":708.6938230815209,"standard_error":163.26240932829478},"Slope":{"confidence_interval":{"confidence_level":0.95,"lower_bound":9877.962944014245,"upper_bound":10718.473536284375},"point_estimate":10271.837608264845,"standard_error":215.2896750128295},"StdDev":{"confidence_interval":{"confidence_level":0.95,"lower_bound":1257.0798800195173,"upper_bound":2125.6068762438936},"point_estimate":1702.8310629784673,"standard_error":223.87802544148866}}