{"Mean":{"confidence_interval":{"confidence_level":0.95,"lower_bound":-0.14360087917455464,"upper_bound":-0.05248503799113867},"point_estimate":-0.09967510499300614,"standard_error":0.0231982539471094},"Median":{"confidence_interval":{"confidence_level":0.95,"lower_bound":-0.17325077629896804,"upper_bound":-0.05950099606988146},"point_estimate":-0.09942430089673404,"standard_error":0.029016769318627733}}