{"Mean":{"confidence_interval":{"confidence_level":0.95,"lower_bound":0.007323908095483323,"upper_bound":0.017872883424378143},"point_estimate":0.0126041442936351,"standard_error":0.0027257676000024163},"Median":{"confidence_interval":{"confidence_level":0.95,"lower_bound":0.0074272716192118615,"upper_bound":0.011355969020997225},"point_estimate":0.008902962157142147,"standard_error":0.0010679782743742035}}