{"Mean":{"confidence_interval":{"confidence_level":0.95,"lower_bound":252404.36952310844,"upper_bound":253022.0366902823},"point_estimate":252697.28316251104,"standard_error":157.95610962301635},"Median":{"confidence_interval":{"confidence_level":0.95,"lower_bound":252255.86170212767,"upper_bound":252698.89285714287},"point_estimate":252398.1484375,"standard_error":104.44535640222979},"MedianAbsDev":{"confidence_interval":{"confidence_level":0.95,"lower_bound":778.4301282268304,"upper_bound":1335.2724786573974},"point_estimate":1027.1544636653998,"standard_error":132.72865541054847},"Slope":{"confidence_interval":{"confidence_level":0.95,"lower_bound":252696.80174669233,"upper_bound":253418.54817936715},"point_estimate":253013.16179252253,"standard_error":185.4023987127915},"StdDev":{"confidence_interval":{"confidence_level":0.95,"lower_bound":1133.2441509737182,"upper_bound":2053.0496450022265},"point_estimate":1587.4169327490204,"standard_error":240.1473091531504}}