{"Mean":{"confidence_interval":{"confidence_level":0.95,"lower_bound":0.2148560246286727,"upper_bound":0.3328087827158636},"point_estimate":0.2762747015490743,"standard_error":0.03058438250868783},"Median":{"confidence_interval":{"confidence_level":0.95,"lower_bound":0.13969471966908786,"upper_bound":0.38637568082022344},"point_estimate":0.28264127921203785,"standard_error":0.06246696093477911}}