{"Mean":{"confidence_interval":{"confidence_level":0.95,"lower_bound":-0.056180227848142014,"upper_bound":0.015959164676583426},"point_estimate":-0.01988977561562144,"standard_error":0.018308079231479084},"Median":{"confidence_interval":{"confidence_level":0.95,"lower_bound":-0.08217308575115112,"upper_bound":-0.002879677638269129},"point_estimate":-0.049892554453459526,"standard_error":0.020565286774589128}}