{"Mean":{"confidence_interval":{"confidence_level":0.95,"lower_bound":-0.31549349844533103,"upper_bound":-0.2609211005850752},"point_estimate":-0.2874569490304909,"standard_error":0.013938312345250965},"Median":{"confidence_interval":{"confidence_level":0.95,"lower_bound":-0.29887672523198383,"upper_bound":-0.2509288024781301},"point_estimate":-0.27762843862291997,"standard_error":0.01163993669073858}}